{"r": 0.35, "page_margin_x": 2.400000000000001, "page_margin_y": 2.800000000000001, "plot_margin_x": 0.15, "plot_margin_y": 0.69, "n_min": 2, "n_max": 17, "text_scale": 0.32999999999999996, "__seed__": 0}